,Timestep,H,A,ALPHA,BETA,CQY,CUE_24,DCG,CGR,TCB,TEB,DOP,VP_SAT,VP_AIR,VPD,P_GROSS,P_NET,g_S,g_A,g_C,DTR,T_LIGHT,T_DARK,RH,CO2,PPFD
0,29,6.346316802774189,0.33823110765771197,0.012492467912538222,0.019987948660061157,0.05909553618080822,0.625,0.06263114162655477,1.8805000273373067,16.535048629351657,15.70790173880667,0.06764163295667916,1.1835708003786367,81.47356257103897,-80.28999177066034,4.386176078220264,3.9512375947025222,8.395680184829574,2.5,1.9263781706164533,-631.4071352590095,9.440663704731715,4.4406637047317155,68.83708397078968,396.5065167531001,219.44103183457162
