,Timestep,H,A,ALPHA,BETA,CQY,CUE_24,DCG,CGR,TCB,TEB,DOP,VP_SAT,VP_AIR,VPD,P_GROSS,P_NET,g_S,g_A,g_C,DTR,T_LIGHT,T_DARK,RH,CO2,PPFD
0,29,3.7966710980737988,0.93,0.03951246456087174,0.06321994329739479,0.06797843365311268,0.625,0.22940283174838727,6.887820023245327,97.79002579818882,92.8974420317158,0.24775505828825828,2.144870308472158,153.25497490823534,-151.1101045997632,26.854265612346836,25.261190391871928,43.45726204828035,2.5,2.3640040828926216,-872.4277689839348,18.589962770398373,13.589962770398373,71.4518608900892,932.7694944135285,424.77522458413
