,Timestep,Day,H,A,ALPHA,BETA,CQY,CUE_24,DCG,CGR,TCB,TEB,DOP,VP_SAT,VP_AIR,VPD,P_GROSS,P_NET,g_S,g_A,g_C,DTR,T_LIGHT,T_DARK,RH,CO2,PPFD
0,30,,3.7966710980737988,0.0,0.017148682744336,0.0451765692503675,0.0,0.0,0.07928283477437297,2.380467114100548,0.0,67.62311013255669,0.08562546155632281,2.144870308472158,153.25497490823534,-151.1101045997632,15.281154767917409,13.781383559875882,23.70835211875416,2.5,2.2615264030458584,-842.9548125874162,18.589962770398373,13.589962770398373,71.4518608900892,932.7694944135285,338.2539892135147
