,Timestep,Day,H,A,ALPHA,BETA,CQY,CUE_24,DCG,CGR,TCB,TEB,DOP,VP_SAT,VP_AIR,VPD,P_GROSS,P_NET,g_S,g_A,g_C,DTR,T_LIGHT,T_DARK,RH,CO2,PPFD
0,30,,17.046033700761782,0.0,0.017148682744336,0.0451765692503675,0.0,0.0,0.36660266944728925,11.00724515015486,0.0,281.7756777332641,0.39593088300307244,2.426152467766296,180.0812441165607,-177.6550916487944,15.7380985604395,8.803178410410627,19.81949380052347,2.5,2.2199757281299357,-4367.725914096672,20.57124453598493,15.571244535984931,74.22503181853095,838.5199365878392,348.36860836464416
