,Timestep,Day,H,A,ALPHA,BETA,CQY,CUE_24,DCG,CGR,TCB,TEB,DOP,VP_SAT,VP_AIR,VPD,P_GROSS,P_NET,g_S,g_A,g_C,DTR,T_LIGHT,T_DARK,RH,CO2,PPFD
0,30,,19.507041000915866,0.0,0.017148682744336,0.0451765692503675,0.0,0.0,1.056153373120302,31.71100502793707,0.0,795.7292439761101,1.1406456429699263,4.998259878931399,432.00374388202124,-427.0054840030898,39.62010061838362,19.641142691493634,112.83718382881513,2.5,2.445811057696048,-13235.912978932758,32.834980890876864,27.834980890876864,86.43082879763773,789.7481196857213,877.0055202467886
