,Timestep,Day,H,A,ALPHA,BETA,CQY,CUE_24,DCG,CGR,TCB,TEB,DOP,VP_SAT,VP_AIR,VPD,P_GROSS,P_NET,g_S,g_A,g_C,DTR,T_LIGHT,T_DARK,RH,CO2,PPFD
0,30,,7.595102177990903,0.0,0.017148682744336,0.0451765692503675,0.0,0.0,0.3112204598330529,9.344394306487413,0.0,240.4967928216429,0.33611809661969716,4.895705143519817,392.66631847515407,-387.77061333163425,29.985721268154364,24.098450885613374,107.13746883187329,2.5,2.4429939411536012,-4674.520340442284,32.467100790502144,27.467100790502144,80.20628427651643,927.3620305121555,663.7449847502628
