,Timestep,H,diurnal,A,ALPHA,BETA,CQY,CUE_24,DCG,CGR,DWCGR,TCB,TEB,VP_SAT,VP_AIR,VPD,P_NET,P_GROSS,DOP,DOC,g_S,g_A,g_C,DTR,DCO2C,DCO2P,DNC,DWC,T_LIGHT,T_DARK,RH,CO2,PPFD
0,707.5,3.796671098073799,0.16666666666666666,0.93,0.03951246456087174,0.06321994329739479,0.06797843365311268,0.625,0.2416883905111215,7.257116879779818,6.047597399816509,0.0,0.0,2.144870308472158,0.0,-151.1101045997632,26.854265612346836,0.0,0.5568291698606838,0.23489969064160934,46.197856859721846,2.5,2.371657596390666,-875.2668478332813,0.7658428367804008,0.3230725960078887,0.0005142414568599213,-869.340605436475,18.589962770398373,13.589962770398373,71.4518608900892,932.7694944135286,424.77522458413
