,Simulation,Timestep,H,diurnal,A,ALPHA,BETA,CQY,CUE_24,DCG,CGR,DWCGR,TCB,TEB,VP_SAT,VP_AIR,VPD,P_NET,P_GROSS,DOP,DOC,g_S,g_A,g_C,DTR,DCO2C,DCO2P,DNC,DWC,T_LIGHT,T_DARK,RH,CO2,PPFD
0,0.0,707.5,6.321373981471165,0.0,0.7334455075226858,0.03330601687169641,0.053289626994714255,0.07265655927828556,0.625,0.0,0.0,0.0,0.0,0.0,3.90332022972999,0.0,-312.70599511507083,13.112866884499402,0.0,0.0,0.0,41.03486500582222,2.5,2.356360571736968,-2996.2734582545704,0.0,0.0,0.0,-2996.2734582545704,28.51125503683775,23.51125503683775,81.11282106277561,1062.4908347315677,246.06790521915366
