,Timestep,H,diurnal,A,ALPHA,BETA,CQY,CUE_24,DCG,CGR,DWCGR,TCB,TEB,VP_SAT,VP_AIR,VPD,P_NET,P_GROSS,DOP,DOC,g_S,g_A,g_C,DTR,DCO2C,DCO2P,DNC,DWC,T_LIGHT,T_DARK,RH,CO2,PPFD
0,707.5,16.659965952061015,0.7083333333333334,0.93,0.03807721847331739,0.060923549557307825,0.065509193072374,0.625,1.407773742097803,42.2708702105352,35.22572517544597,0.0,0.0,3.049774422533472,0.0,-200.87383496417033,36.804542277066744,0.0,3.2433890701420203,6.003861275316988,70.33261272946918,2.5,2.414186793995499,-5197.091442932337,4.460840812060149,8.257495116276255,0.0029953264140430637,-5160.832530984263,24.331296447391704,19.331296447391704,66.86514513335804,1119.337227473522,604.1102750004167
